{"cameraMode":{"drawMode":0,"name":"Shaded","section":"Shading Mode"},"sceneLighting":true,"audioPlay":false,"sceneViewState":{"showFog":true,"showMaterialUpdate":false,"showSkybox":true,"showFlares":true,"showImageEffects":true,"showParticleSystems":true},"in2DMode":false,"pivot":{"x":-15.607759475708008,"y":0.8398866653442383,"z":14.479999542236329},"rotation":{"x":0.2856612801551819,"y":-0.36806705594062807,"z":0.11993466317653656,"w":0.8766641616821289},"size":44.699790954589847,"orthographic":false}