{"cameraMode":{"drawMode":0,"name":"Shaded","section":"Shading Mode"},"sceneLighting":true,"audioPlay":false,"sceneViewState":{"showFog":true,"showMaterialUpdate":false,"showSkybox":true,"showFlares":true,"showImageEffects":true,"showParticleSystems":true},"in2DMode":false,"pivot":{"x":-9.704096794128418,"y":0.9401900768280029,"z":-8.71547794342041},"rotation":{"x":-0.0032240869477391245,"y":-0.9336288571357727,"z":-0.008403749205172062,"w":0.3581477105617523},"size":4.105986595153809,"orthographic":false}